run_name,a_source,a_source_label,lambda_rrr,mask_frac,iteration,jetclass_test_acc,jetclass_test_auc,aspen_strong3
rrr_findanother_seed52_input_grad_lam10_mask0p05,input_grad,Input gradients,10.0,0.05,1,0.7029066666666667,0.9540152656790124,0.4917560486549845
rrr_findanother_seed52_input_grad_lam10_mask0p05,input_grad,Input gradients,10.0,0.05,2,0.68576,0.9509737745185186,0.6597072519387488
rrr_findanother_seed52_input_grad_lam10_mask0p05,input_grad,Input gradients,10.0,0.05,3,0.6893733333333333,0.9524215624691358,0.693729115699877
rrr_findanother_seed52_input_grad_lam10_mask0p05,input_grad,Input gradients,10.0,0.05,4,0.6913133333333333,0.95239769254321,0.5980378137476814
rrr_findanother_seed52_input_grad_lam10_mask0p05,input_grad,Input gradients,10.0,0.05,5,0.69076,0.9521138931604938,0.7446876425299968
rrr_findanother_seed52_input_grad_lam10_mask0p10,input_grad,Input gradients,10.0,0.1,1,0.70362,0.9542800983703704,0.517416488137863
rrr_findanother_seed52_input_grad_lam10_mask0p10,input_grad,Input gradients,10.0,0.1,2,0.6843066666666666,0.9511019375308642,0.6547618042181006
rrr_findanother_seed52_input_grad_lam10_mask0p10,input_grad,Input gradients,10.0,0.1,3,0.6906333333333333,0.95250133745679,0.7055741783060694
rrr_findanother_seed52_input_grad_lam10_mask0p10,input_grad,Input gradients,10.0,0.1,4,0.69148,0.9525064251851852,0.7058457309889709
rrr_findanother_seed52_input_grad_lam10_mask0p10,input_grad,Input gradients,10.0,0.1,5,0.6932466666666667,0.952505618617284,0.6989586087234044
rrr_findanother_seed52_input_grad_lam10_mask0p20,input_grad,Input gradients,10.0,0.2,1,0.7017933333333334,0.9538260276543208,0.5674927198596061
rrr_findanother_seed52_input_grad_lam10_mask0p20,input_grad,Input gradients,10.0,0.2,2,0.6883666666666667,0.9517104807160496,0.6614336326009794
rrr_findanother_seed52_input_grad_lam10_mask0p20,input_grad,Input gradients,10.0,0.2,3,0.69282,0.9528552677530864,0.632694702630519
rrr_findanother_seed52_input_grad_lam10_mask0p20,input_grad,Input gradients,10.0,0.2,4,0.6924066666666666,0.9528120536296296,0.7175556506063315
rrr_findanother_seed52_input_grad_lam10_mask0p20,input_grad,Input gradients,10.0,0.2,5,0.6958666666666666,0.9528096302469136,0.6349291867514054
rrr_findanother_seed52_input_grad_lam10_mask0p30,input_grad,Input gradients,10.0,0.3,1,0.7031266666666667,0.9540030579012344,0.5372981252296143
rrr_findanother_seed52_input_grad_lam10_mask0p30,input_grad,Input gradients,10.0,0.3,2,0.6905733333333334,0.9523785178024692,0.6806207539611061
rrr_findanother_seed52_input_grad_lam10_mask0p30,input_grad,Input gradients,10.0,0.3,3,0.6937266666666667,0.9531486057777778,0.655789116944993
rrr_findanother_seed52_input_grad_lam10_mask0p30,input_grad,Input gradients,10.0,0.3,4,0.6942066666666666,0.952987432617284,0.6849512315435131
rrr_findanother_seed52_input_grad_lam10_mask0p30,input_grad,Input gradients,10.0,0.3,5,0.69722,0.9528560607407408,0.6659950820152637
rrr_findanother_seed52_input_grad_lam1_mask0p05,input_grad,Input gradients,1.0,0.05,1,0.71116,0.9555323049629628,0.6076376695134552
rrr_findanother_seed52_input_grad_lam1_mask0p05,input_grad,Input gradients,1.0,0.05,2,0.6959066666666667,0.9526814761728394,0.668812148733779
rrr_findanother_seed52_input_grad_lam1_mask0p05,input_grad,Input gradients,1.0,0.05,3,0.7044933333333333,0.954604202691358,0.7012507477558018
rrr_findanother_seed52_input_grad_lam1_mask0p05,input_grad,Input gradients,1.0,0.05,4,0.6999066666666667,0.9535895731358024,0.6472788384516238
rrr_findanother_seed52_input_grad_lam1_mask0p05,input_grad,Input gradients,1.0,0.05,5,0.7022066666666666,0.9536340781728396,0.5692277253129604
rrr_findanother_seed52_input_grad_lam1_mask0p10,input_grad,Input gradients,1.0,0.1,1,0.7093266666666667,0.9551590152592592,0.585228511885249
rrr_findanother_seed52_input_grad_lam1_mask0p10,input_grad,Input gradients,1.0,0.1,2,0.6976933333333334,0.9529827902962962,0.7274797617229578
rrr_findanother_seed52_input_grad_lam1_mask0p10,input_grad,Input gradients,1.0,0.1,3,0.7071666666666667,0.955244113654321,0.6421022429219715
rrr_findanother_seed52_input_grad_lam1_mask0p10,input_grad,Input gradients,1.0,0.1,4,0.70096,0.953724818839506,0.6751518715464663
rrr_findanother_seed52_input_grad_lam1_mask0p10,input_grad,Input gradients,1.0,0.1,5,0.7026133333333333,0.9538583093580248,0.6866750750831513
rrr_findanother_seed52_input_grad_lam1_mask0p20,input_grad,Input gradients,1.0,0.2,1,0.7102266666666667,0.9552571137777776,0.6140445240227984
rrr_findanother_seed52_input_grad_lam1_mask0p20,input_grad,Input gradients,1.0,0.2,2,0.70002,0.9535483574320986,0.6249643839599102
rrr_findanother_seed52_input_grad_lam1_mask0p20,input_grad,Input gradients,1.0,0.2,3,0.7109733333333333,0.9561212361234568,0.6185656000164445
rrr_findanother_seed52_input_grad_lam1_mask0p20,input_grad,Input gradients,1.0,0.2,4,0.7042466666666667,0.9542521678024692,0.7021841564597109
rrr_findanother_seed52_input_grad_lam1_mask0p20,input_grad,Input gradients,1.0,0.2,5,0.7055333333333333,0.9543187671851852,0.5803699483140988
rrr_findanother_seed52_input_grad_lam1_mask0p30,input_grad,Input gradients,1.0,0.3,1,0.71034,0.9553621578024692,0.662777748439704
rrr_findanother_seed52_input_grad_lam1_mask0p30,input_grad,Input gradients,1.0,0.3,2,0.7025866666666667,0.9540155999753086,0.6797471988202529
rrr_findanother_seed52_input_grad_lam1_mask0p30,input_grad,Input gradients,1.0,0.3,3,0.71176,0.9562724232839508,0.5112851855463107
rrr_findanother_seed52_input_grad_lam1_mask0p30,input_grad,Input gradients,1.0,0.3,4,0.70508,0.954503382839506,0.7345358512051545
rrr_findanother_seed52_input_grad_lam1_mask0p30,input_grad,Input gradients,1.0,0.3,5,0.7051133333333334,0.954218822691358,0.64718193793312
rrr_findanother_seed52_integrated_gradients_lam10_mask0p05,integrated_gradients,Integrated Gradients,10.0,0.05,1,0.7029066666666667,0.9540152656790124,0.4917560486549845
rrr_findanother_seed52_integrated_gradients_lam10_mask0p05,integrated_gradients,Integrated Gradients,10.0,0.05,2,0.6878066666666667,0.9511131713333334,0.6847048895942036
rrr_findanother_seed52_integrated_gradients_lam10_mask0p05,integrated_gradients,Integrated Gradients,10.0,0.05,3,0.6910666666666667,0.9523422428395062,0.7627253466086645
rrr_findanother_seed52_integrated_gradients_lam10_mask0p05,integrated_gradients,Integrated Gradients,10.0,0.05,4,0.69028,0.9519249548888888,0.6113703135762647
rrr_findanother_seed52_integrated_gradients_lam10_mask0p05,integrated_gradients,Integrated Gradients,10.0,0.05,5,0.69302,0.9520176459506172,0.6246539358475368
rrr_findanother_seed52_integrated_gradients_lam10_mask0p10,integrated_gradients,Integrated Gradients,10.0,0.1,1,0.70362,0.9542800983703704,0.517416488137863
rrr_findanother_seed52_integrated_gradients_lam10_mask0p10,integrated_gradients,Integrated Gradients,10.0,0.1,2,0.6875333333333333,0.9515347297037036,0.6626007988540719
rrr_findanother_seed52_integrated_gradients_lam10_mask0p10,integrated_gradients,Integrated Gradients,10.0,0.1,3,0.6905666666666667,0.9523444122222224,0.722149571623055
rrr_findanother_seed52_integrated_gradients_lam10_mask0p10,integrated_gradients,Integrated Gradients,10.0,0.1,4,0.6904266666666666,0.952345152691358,0.6975195729963565
rrr_findanother_seed52_integrated_gradients_lam10_mask0p10,integrated_gradients,Integrated Gradients,10.0,0.1,5,0.6934066666666666,0.9523925299753088,0.6744431680082555
rrr_findanother_seed52_integrated_gradients_lam10_mask0p20,integrated_gradients,Integrated Gradients,10.0,0.2,1,0.7017933333333334,0.9538260276543208,0.5674927198596061
rrr_findanother_seed52_integrated_gradients_lam10_mask0p20,integrated_gradients,Integrated Gradients,10.0,0.2,2,0.68874,0.9519270407901236,0.7370309050535461
rrr_findanother_seed52_integrated_gradients_lam10_mask0p20,integrated_gradients,Integrated Gradients,10.0,0.2,3,0.69176,0.952644297382716,0.6784231418039818
rrr_findanother_seed52_integrated_gradients_lam10_mask0p20,integrated_gradients,Integrated Gradients,10.0,0.2,4,0.6920466666666667,0.9525794522222222,0.7366852015167478
rrr_findanother_seed52_integrated_gradients_lam10_mask0p20,integrated_gradients,Integrated Gradients,10.0,0.2,5,0.6953266666666666,0.9526546538271604,0.6443000272977146
rrr_findanother_seed52_integrated_gradients_lam10_mask0p30,integrated_gradients,Integrated Gradients,10.0,0.3,1,0.7031266666666667,0.9540030579012344,0.5372981252296143
rrr_findanother_seed52_integrated_gradients_lam10_mask0p30,integrated_gradients,Integrated Gradients,10.0,0.3,2,0.69082,0.9522929441481484,0.6795499577972085
rrr_findanother_seed52_integrated_gradients_lam10_mask0p30,integrated_gradients,Integrated Gradients,10.0,0.3,3,0.6931866666666666,0.9529206560493826,0.63493439149025
rrr_findanother_seed52_integrated_gradients_lam10_mask0p30,integrated_gradients,Integrated Gradients,10.0,0.3,4,0.6934533333333334,0.9528666832098764,0.700003852463646
rrr_findanother_seed52_integrated_gradients_lam10_mask0p30,integrated_gradients,Integrated Gradients,10.0,0.3,5,0.69724,0.9529197205185186,0.7349967400339826
rrr_findanother_seed52_integrated_gradients_lam1_mask0p05,integrated_gradients,Integrated Gradients,1.0,0.05,1,0.71116,0.9555323049629628,0.6076376695134552
rrr_findanother_seed52_integrated_gradients_lam1_mask0p05,integrated_gradients,Integrated Gradients,1.0,0.05,2,0.69762,0.9530955661975308,0.6372639964871135
rrr_findanother_seed52_integrated_gradients_lam1_mask0p05,integrated_gradients,Integrated Gradients,1.0,0.05,3,0.7133666666666667,0.9569346852592592,0.6553529391936187
rrr_findanother_seed52_integrated_gradients_lam1_mask0p05,integrated_gradients,Integrated Gradients,1.0,0.05,4,0.7008933333333334,0.9537753505925926,0.7010479603959009
rrr_findanother_seed52_integrated_gradients_lam1_mask0p05,integrated_gradients,Integrated Gradients,1.0,0.05,5,0.7024866666666667,0.9537329822962964,0.6903785309806233
rrr_findanother_seed52_integrated_gradients_lam1_mask0p10,integrated_gradients,Integrated Gradients,1.0,0.1,1,0.7093266666666667,0.9551590152592592,0.585228511885249
rrr_findanother_seed52_integrated_gradients_lam1_mask0p10,integrated_gradients,Integrated Gradients,1.0,0.1,2,0.6983466666666667,0.9530855432592592,0.6334018855525302
rrr_findanother_seed52_integrated_gradients_lam1_mask0p10,integrated_gradients,Integrated Gradients,1.0,0.1,3,0.7154733333333333,0.9573905523703704,0.621038971042124
rrr_findanother_seed52_integrated_gradients_lam1_mask0p10,integrated_gradients,Integrated Gradients,1.0,0.1,4,0.70158,0.9539378813580246,0.6750305050382762
rrr_findanother_seed52_integrated_gradients_lam1_mask0p10,integrated_gradients,Integrated Gradients,1.0,0.1,5,0.70338,0.9540077009629632,0.7151459834854766
rrr_findanother_seed52_integrated_gradients_lam1_mask0p20,integrated_gradients,Integrated Gradients,1.0,0.2,1,0.7102266666666667,0.9552571137777776,0.6140445240227984
rrr_findanother_seed52_integrated_gradients_lam1_mask0p20,integrated_gradients,Integrated Gradients,1.0,0.2,2,0.7016733333333334,0.953813260839506,0.6539189243791504
rrr_findanother_seed52_integrated_gradients_lam1_mask0p20,integrated_gradients,Integrated Gradients,1.0,0.2,3,0.71766,0.957713092962963,0.6131928642793406
rrr_findanother_seed52_integrated_gradients_lam1_mask0p20,integrated_gradients,Integrated Gradients,1.0,0.2,4,0.7045266666666666,0.9544109615308642,0.6899134323005147
rrr_findanother_seed52_integrated_gradients_lam1_mask0p20,integrated_gradients,Integrated Gradients,1.0,0.2,5,0.7052866666666666,0.954185006,0.5822698765232797
rrr_findanother_seed52_integrated_gradients_lam1_mask0p30,integrated_gradients,Integrated Gradients,1.0,0.3,1,0.7076266666666666,0.9549097915802468,0.6596796727200479
rrr_findanother_seed52_integrated_gradients_lam1_mask0p30,integrated_gradients,Integrated Gradients,1.0,0.3,2,0.70488,0.9546715059506172,0.7746490108472379
rrr_findanother_seed52_integrated_gradients_lam1_mask0p30,integrated_gradients,Integrated Gradients,1.0,0.3,3,0.70726,0.9549348447901236,0.6084969996047059
rrr_findanother_seed52_integrated_gradients_lam1_mask0p30,integrated_gradients,Integrated Gradients,1.0,0.3,4,0.7082866666666666,0.9548989869382716,0.7919683568037278
rrr_findanother_seed52_integrated_gradients_lam1_mask0p30,integrated_gradients,Integrated Gradients,1.0,0.3,5,0.7054333333333334,0.9544393016296298,0.751672899587326
rrr_findanother_seed52_smoothgrad_lam10_mask0p05,smoothgrad,SmoothGrad,10.0,0.05,1,0.7029066666666667,0.9540152656790124,0.4917560486549845
rrr_findanother_seed52_smoothgrad_lam10_mask0p05,smoothgrad,SmoothGrad,10.0,0.05,2,0.6872133333333333,0.9510948388148148,0.523217254864304
rrr_findanother_seed52_smoothgrad_lam10_mask0p05,smoothgrad,SmoothGrad,10.0,0.05,3,0.6906866666666667,0.9523654694074072,0.5430547511767881
rrr_findanother_seed52_smoothgrad_lam10_mask0p05,smoothgrad,SmoothGrad,10.0,0.05,4,0.6899466666666667,0.9522718796543208,0.5919855077470819
rrr_findanother_seed52_smoothgrad_lam10_mask0p05,smoothgrad,SmoothGrad,10.0,0.05,5,0.6936666666666667,0.9524904897283952,0.4701149215932139
rrr_findanother_seed52_smoothgrad_lam10_mask0p10,smoothgrad,SmoothGrad,10.0,0.1,1,0.70362,0.9542800983703704,0.517416488137863
rrr_findanother_seed52_smoothgrad_lam10_mask0p10,smoothgrad,SmoothGrad,10.0,0.1,2,0.68826,0.9514197589876544,0.5456591826203289
rrr_findanother_seed52_smoothgrad_lam10_mask0p10,smoothgrad,SmoothGrad,10.0,0.1,3,0.69222,0.9525611002962964,0.5003613915898818
rrr_findanother_seed52_smoothgrad_lam10_mask0p10,smoothgrad,SmoothGrad,10.0,0.1,4,0.6911266666666667,0.9523959764197532,0.743487025310036
rrr_findanother_seed52_smoothgrad_lam10_mask0p10,smoothgrad,SmoothGrad,10.0,0.1,5,0.6947933333333334,0.9527932349382716,0.5167145566288938
rrr_findanother_seed52_smoothgrad_lam10_mask0p20,smoothgrad,SmoothGrad,10.0,0.2,1,0.7017933333333334,0.9538260276543208,0.5674927198596061
rrr_findanother_seed52_smoothgrad_lam10_mask0p20,smoothgrad,SmoothGrad,10.0,0.2,2,0.6911333333333334,0.9518255538765432,0.6617373652306102
rrr_findanother_seed52_smoothgrad_lam10_mask0p20,smoothgrad,SmoothGrad,10.0,0.2,3,0.6931866666666666,0.9528381523209876,0.5729352253880973
rrr_findanother_seed52_smoothgrad_lam10_mask0p20,smoothgrad,SmoothGrad,10.0,0.2,4,0.69196,0.9526214096790124,0.8239931507488097
rrr_findanother_seed52_smoothgrad_lam10_mask0p20,smoothgrad,SmoothGrad,10.0,0.2,5,0.69728,0.9531041542222224,0.5410332261427299
rrr_findanother_seed52_smoothgrad_lam10_mask0p30,smoothgrad,SmoothGrad,10.0,0.3,1,0.7031266666666667,0.9540030579012344,0.5372981252296143
rrr_findanother_seed52_smoothgrad_lam10_mask0p30,smoothgrad,SmoothGrad,10.0,0.3,2,0.69254,0.952070535925926,0.6840645172910401
rrr_findanother_seed52_smoothgrad_lam10_mask0p30,smoothgrad,SmoothGrad,10.0,0.3,3,0.6952466666666667,0.9532607924197528,0.5897721872946641
rrr_findanother_seed52_smoothgrad_lam10_mask0p30,smoothgrad,SmoothGrad,10.0,0.3,4,0.6951133333333334,0.9530554475555556,0.8214986510122162
rrr_findanother_seed52_smoothgrad_lam10_mask0p30,smoothgrad,SmoothGrad,10.0,0.3,5,0.6980266666666667,0.9534017319506172,0.5713271248011211
rrr_findanother_seed52_smoothgrad_lam1_mask0p05,smoothgrad,SmoothGrad,1.0,0.05,1,0.71116,0.9555323049629628,0.6076376695134552
rrr_findanother_seed52_smoothgrad_lam1_mask0p05,smoothgrad,SmoothGrad,1.0,0.05,2,0.69858,0.9528548278271606,0.6610153925442058
rrr_findanother_seed52_smoothgrad_lam1_mask0p05,smoothgrad,SmoothGrad,1.0,0.05,3,0.69886,0.9534765372592592,0.6449556232542161
rrr_findanother_seed52_smoothgrad_lam1_mask0p05,smoothgrad,SmoothGrad,1.0,0.05,4,0.7004266666666666,0.9536634136543208,0.7231410836291704
rrr_findanother_seed52_smoothgrad_lam1_mask0p05,smoothgrad,SmoothGrad,1.0,0.05,5,0.7015733333333334,0.9538039068641976,0.5720740668131955
rrr_findanother_seed52_smoothgrad_lam1_mask0p10,smoothgrad,SmoothGrad,1.0,0.1,1,0.7093266666666667,0.9551590152592592,0.585228511885249
rrr_findanother_seed52_smoothgrad_lam1_mask0p10,smoothgrad,SmoothGrad,1.0,0.1,2,0.70012,0.953115410888889,0.7008098459267504
rrr_findanother_seed52_smoothgrad_lam1_mask0p10,smoothgrad,SmoothGrad,1.0,0.1,3,0.6997333333333333,0.9537099739753088,0.6822724815604809
rrr_findanother_seed52_smoothgrad_lam1_mask0p10,smoothgrad,SmoothGrad,1.0,0.1,4,0.7015266666666666,0.9538768685679012,0.753543407657264
rrr_findanother_seed52_smoothgrad_lam1_mask0p10,smoothgrad,SmoothGrad,1.0,0.1,5,0.7037733333333334,0.9543800655802468,0.5323308294351118
rrr_findanother_seed52_smoothgrad_lam1_mask0p20,smoothgrad,SmoothGrad,1.0,0.2,1,0.7102266666666667,0.9552571137777776,0.6140445240227984
rrr_findanother_seed52_smoothgrad_lam1_mask0p20,smoothgrad,SmoothGrad,1.0,0.2,2,0.7019733333333333,0.953540026395062,0.7449660056345371
rrr_findanother_seed52_smoothgrad_lam1_mask0p20,smoothgrad,SmoothGrad,1.0,0.2,3,0.7034666666666667,0.9541932205185184,0.640940430791808
rrr_findanother_seed52_smoothgrad_lam1_mask0p20,smoothgrad,SmoothGrad,1.0,0.2,4,0.7031866666666666,0.954169857530864,0.7210679585423012
rrr_findanother_seed52_smoothgrad_lam1_mask0p20,smoothgrad,SmoothGrad,1.0,0.2,5,0.70604,0.9547439062469136,0.6606320563910733
rrr_findanother_seed52_smoothgrad_lam1_mask0p30,smoothgrad,SmoothGrad,1.0,0.3,1,0.71034,0.9553621578024692,0.662777748439704
rrr_findanother_seed52_smoothgrad_lam1_mask0p30,smoothgrad,SmoothGrad,1.0,0.3,2,0.7026933333333333,0.9537972131111112,0.735195402082199
rrr_findanother_seed52_smoothgrad_lam1_mask0p30,smoothgrad,SmoothGrad,1.0,0.3,3,0.7044933333333333,0.9543290234567902,0.6171039890505128
rrr_findanother_seed52_smoothgrad_lam1_mask0p30,smoothgrad,SmoothGrad,1.0,0.3,4,0.7043466666666667,0.9543532010617284,0.6975947686140672
rrr_findanother_seed52_smoothgrad_lam1_mask0p30,smoothgrad,SmoothGrad,1.0,0.3,5,0.7067533333333333,0.9549848037283952,0.6302001108593586
